Type,Cat_no,Name,AS_X,AS_Y,AS_Z,mass,,,Spec,,dist,Catalogue,Delete
Star,230001,26 Draconis A,-2.6,-22.8,42.9,0.5,,,G1 V,,,,
Star,230002,26 Draconis B,-2.6,-22.8,42.9,0.5,,,M0 V,,,,
Star,230003,44 I Bootis A,-18.3,-18.6,28.7,0.5,,,G1 V,,,,
Star,230004,44 I Bootis B,-18.3,-18.6,28.7,0.5,,,G2 V,,,,
Star,230005,44 I Bootis C,-18.3,-18.6,28.7,0.5,,,G2 V,,,,
Star,230006,61 Cygni A,6.2,-6,6.8,0.5,,,K5 V,,,,
Star,230007,61 Cygni B,6.2,-6,6.8,0.5,,,M0 V,,,,
Star,230008,61 Cygni C,6.2,-6,6.8,0.5,,,K7 V,,,,
Star,230009,61 Ursae Majoris A,-24.4,2.2,16.7,0.5,,,G8 V,,,,
Star,230010,70 Ophiuchi A,0.2,-16.7,0.7,0.5,,,K0 V,,,,
Star,230011,70 Ophiuchi B,0.2,-16.7,0.7,0.5,,,M0 V,,,,
Star,230012,82 Eridani A,9.5,11.2,-13.9,0.5,,,G5 V,,,,
Star,230013,85 Pegasi A,34.6,-0.1,17.5,0.5,,,G3 V,,,,
Star,230014,AC+1 1951-103 A,13,46.1,1.4,0.5,,,M1 V,,,,
Star,230015,AC+2 2155-242 A,9.9,-31.7,1.6,0.5,,,M4 V,,,,
Star,230016,AC+3 2259-31 A,30,14.1,2.3,0.5,,,M2 V,,,,
Star,230017,AC+3 2528-176 A,10.1,-48.3,2.6,0.5,,,M2 V,,,,
Star,230018,AC+8 142-393 A,7.9,-33.8,5,0.5,,,M2 V,,,,
Star,230019,AC+10 22-181 A,33.8,31.7,8.6,0.5,,,M4 V,,,,
Star,230020,AC+10 95-26 A,-45.4,-6.5,8.1,0.5,,,M4 VI,,,,
Star,230021,AC+12 1800-213 A,1.7,18.8,4.1,0.5,,,M5 V,,,,
Star,230022,AC+13 1185-145 A,24.2,-37.6,10.5,0.5,,,M2 V,,,,
Star,230023,AC+13 1301-119 A,-34.5,24.4,10.1,0.5,,,M2 V,,,,
Star,230024,AC+13 14332 A,-18.8,-1.8,39.1,0.5,,,M4 V,,,,
Star,230025,AC+16 247-80 A,8.4,-38.7,11.7,0.5,,,M2 V,,,,
Star,230026,AC+16 734-144 A,31.8,-18.5,10.7,0.5,,,M2 V,,,,
Star,230027,AC+17 534-105 A,15.9,-12.6,6.3,0.5,,,M4 V,,,,
Star,230028,AC+17 536-125 A,36,-19,13.3,0.5,,,M2 V,,,,
Star,230029,AC+18 1890-112 A,-20,-26.8,10.7,0.5,,,M4 V,,,,
Star,230030,AC+19 1165-38 A,9.5,42.8,15.6,0.5,,,M5 VI,,,,
Star,230031,AC+20 1463-148 A,7.1,-24.6,9.7,0.5,,,M2 VI,,,,
Star,230032,AC+20 1463-154 B,7.1,-24.6,9.7,0.5,,,M2 VI,,,,
Star,230033,AC+20 76187 A,19.6,-23.5,-11.3,0.5,,,A0 VII,,,,
Star,230034,AC+22 308-605 A,26.7,-28,15.7,0.5,,,M3 V,,,,
Star,230035,AC+23 468-46 A,-19.2,5.3,8.4,0.5,,,M3 V,,,,
Star,230036,AC+24 747-102 A,24.9,-31.9,18.7,0.5,,,A0 VII,,,,
Star,230037,AC+25 7918 A,17.5,14.8,10.8,0.5,,,M4 V,,,,
Star,230038,AC+32 54804 A,6.3,-21.7,14.3,0.5,,,M5 V,,,,
Star,230039,AC+32 54804 B,6.3,-21.7,14.3,0.5,,,M5 V,,,,
Star,230040,AC+32 86401 B,39.8,-3.3,25.2,0.5,,,A0 VII,,,,
Star,230041,AC+32 86422 A,39.7,-3.3,25.2,0.5,,,M5 V,,,,
Star,230042,AC+33 10883 A,17.8,32.6,24.6,0.5,,,M1 VI,,,,
Star,230043,AC+33 25644 A,-3.7,15.7,10.6,0.5,,,M4 V,,,,
Star,230044,AC+38 23616 A,-4.4,14.4,12,0.5,,,M5 V,,,,
Star,230045,AC+38 23616 B,-4.4,14.4,12,0.5,,,M0 V,,,,
Star,230046,AC+39 57322 C,25.4,-25.9,30.2,0.5,,,M0 V,,,,
Star,230047,AC+39 57322 B,25.4,-25.9,30.2,0.5,,,M3 V,,,,
Star,230048,AC+39 57322 A,25.4,-25.9,30.2,0.5,,,M3 V,,,,
Star,230049,AC+39 60670 B,26.4,-19.5,26.7,0.5,,,M0 V,,,,
Star,230050,AC+39 60670 A,26.4,-19.5,26.7,0.5,,,M0 V,,,,
Star,230051,AC+41 726-154 A,-5.4,-29.2,26.4,0.5,,,M4 VI,,,,
Star,230052,AC+44 871-589 A,17.9,-20.8,26.7,0.5,,,M3 V,,,,
Star,230053,AC+45 133-65 A,20.9,22,31,0.5,,,M2 V,,,,
Star,230054,AC+47 256-150 A,-10.9,29.8,33.1,0.5,,,M2 V,,,,
Star,230055,AC+54 1646-56 A,-11.2,-25.2,38.4,0.5,,,M2 V,,,,
Star,230056,AC+56 13511 A,18.6,8.2,31.4,0.5,,,M4 V,,,,
Star,230057,AC+58 13565 A,18.2,10.1,33.8,0.5,,,M4 V,,,,
Star,230058,AC+58 25001 A,3.4,8,14.5,0.5,,,M4 V,,,,
Star,230059,AC+58 25002 B,3.4,8,14.5,0.5,,,A0 VII,,,,
Star,230060,AC+60 3496 A,19,4.9,35.6,0.5,,,M2 V,,,,
Star,230061,AC+61 26806 A,-2.6,-23,42.8,0.5,,,M1 V,,,,
Star,230062,AC+65 6955 A,6.5,-8.6,23.3,0.5,,,M3 V,,,,
Star,230063,AC+65 6955 B,6.5,-8.6,23.3,0.5,,,M0 V,,,,
Star,230064,AC+66 3955 A,-11.1,-2.3,25.7,0.5,,,M4 V,,,,
Star,230065,AC+70 4336 A,-10.6,7.5,36,0.5,,,M3 V,,,,
Star,230066,AC+70 4337 A,-10.6,7.4,36,0.5,,,M4 V,,,,
Star,230067,AC+70 8247 A,3.4,-12.8,37.4,0.5,,,A0 VII,,,,
Star,230068,AC+71 532 A,7.9,2,24.3,0.5,,,M3 V,,,,
Star,230069,AC+79 1584 A,4.2,4.7,35.2,0.5,,,M2 V,,,,
Star,230070,AC+79 3888 A,-3.2,0.2,16.3,0.5,,,M4 VI,,,,
Star,230071,AC+82 1111 A,0,4.3,31.3,0.5,,,M3 V,,,,
Star,230072,AC-7 342-397 B,10.3,-29.3,-4.3,0.5,,,M5 V,,,,
Star,230073,AC-7 342-402 A,10.3,-29.3,-4.3,0.5,,,A0 VII,,,,
Star,230074,AC-12 2306-155 A,-30.7,-23.2,-8.3,0.5,,,M4 V,,,,
Star,230075,Alpha Centauri A,-1.7,-1.4,-3.9,0.5,,,G2 V,,,,
Star,230076,Alpha Centauri B,-1.7,-1.4,-3.9,0.5,,,K0 V,,,,
Star,230077,Alpha Crucis A,-45,-1.2,-20.5,0.5,,,F2 V,,,,
Star,230078,Alpha Fornacis B,25.9,28.3,-21.5,0.5,,,M0 V,,,,
Star,230079,Alpha Fornacis A,25.9,28.3,-21.5,0.5,,,F8 IV,,,,
Star,230080,Alpha Hydri A,19.4,10.9,-41.7,0.5,,,F0 V,,,,
Star,230081,Alpha Mensae A,-0.4,7.4,-27.4,0.5,,,G5 V,,,,
Star,230082,Altair A,7.4,-14.5,2.4,0.5,,,A7 V,,,,
Star,230083,Arcturus A,-28,-18.4,11.7,0.5,,,K2 III,,,,
Star,230084,Augereau A,-12.3,3.1,12.1,0.5,,,M2 V,,,,
Star,230085,WX Ursae Majoris B,-12.3,3.1,12.1,0.5,,,M8 V,,,,
Star,230086,BPM 94172 A,13.5,-37.6,10.3,0.5,,,A0 VII,,,,
Star,230087,Barnard's Star A,-0.2,-5.9,0.4,0.5,,,M5 V,,,,
Star,230088,Berthier A,-21.5,1.7,24.5,0.5,,,K2 V,,,,
Star,230089,Bessieres A,-6.5,1.7,4.8,0.5,,,M2 V,,,,
Star,230090,Bessieres B,-6.5,1.7,4.8,0.5,,,M0 V,,,,
Star,230091,Beta Aquilae A,21.8,-40.8,5,0.5,,,G8 IV,,,,
Star,230092,Beta Aquilae B,21.8,-40.8,5,0.5,,,M3 V,,,,
Star,230093,Beta Canum Venaticorum A,-22.2,-3.1,19.8,0.5,,,G0 V,,,,
Star,230094,Beta Cassiopeiae A,25.5,0.7,42.2,0.5,,,F2 IV,,,,
Star,230095,Beta Cassiopeiae B,25.5,0.7,42.2,0.5,,,M0 V,,,,
Star,230096,Beta Comae Berenices A,-22.9,-7.2,12.8,0.5,,,G0 V,,,,
Star,230097,Beta Hydri A,4.4,0.4,-20.1,0.5,,,G1 IV,,,,
Star,230098,Beta Trianguli Australis A,-10.1,-15.9,-37.4,0.5,,,F2 IV,,,,
Star,230099,Beta Virginis A,-32.6,1.6,1.1,0.5,,,F8 V,,,,
Star,230100,Botany Bay A,-8.6,-24.7,17.3,0.5,,,K7 V,,,,
Star,230101,Broward A,-5.1,-11.8,-2.9,0.5,,,M5 V,,,,
Star,230102,C1 A,-16.4,-1,21.6,0.5,,,A0 VII,,,,
Star,230103,Capella A,6.1,29.5,31.2,0.5,,,G8 III,,,,
Star,230104,Capella B,6.1,29.5,31.2,0.5,,,F5 III,,,,
Star,230105,Capella H A,6.1,30,31.5,0.5,,,M2 V,,,,
Star,230106,Capella H B,6.1,30,31.5,0.5,,,M5 V,,,,
Star,230107,Castor A,-15.6,36.9,25,0.5,,,A1 V,,,,
Star,230108,Castor B,-15.6,36.9,25,0.5,,,A1 V,,,,
Star,230109,Castor C,-15.6,36.9,25,0.5,,,A5 V,,,,
Star,230110,Castor D,-15.6,36.9,25,0.5,,,A5 V,,,,
Star,230111,YY Geminorum E,-15.6,36.9,25,0.5,,,K6 V,,,,
Star,230112,YY Geminorum F,-15.6,36.9,25,0.5,,,K6 V,,,,
Star,230113,Chi Draconis A,0.7,-7.8,24,0.5,,,F7 V,,,,
Star,230114,Chi Draconis B,0.7,-7.8,24,0.5,,,M0 V,,,,
Star,230115,Chi1 Orionis A,1.1,30.2,11.1,0.5,,,G0 V,,,,
Star,230116,Clarkesstar A,-5.8,-19.2,-3,0.5,,,M4 V,,,,
Star,230117,DM-8 4352 B,-5.8,-19.2,-3,0.5,,,M4 V,,,,
Star,230118,VB 8 C,-5.8,-19.2,-3,0.5,,,M0 V,,,,
Star,230119,D'Artagnon A,-0.8,-10.4,-16.2,0.5,,,M0 V,,,,
Star,230120,DM+0 2989 A,-35.1,-7.5,0.3,0.5,,,M0 V,,,,
Star,230121,DM+0 4810 A,27.6,-16.1,0.6,0.5,,,K8 V,,,,
Star,230122,DM+1 2447 A,-23.1,9.9,0.4,0.5,,,M2 V,,,,
Star,230123,DM+1 4774 A,18.5,-1.1,0.6,0.5,,,M2 V,,,,
Star,230124,DM+2 348 A,27.4,17.4,1.9,0.5,,,M3 V,,,,
Star,230125,DM+2 3482 C,0.2,-16.7,0.7,0.5,,,K6 V,,,,
Star,230126,DM+2 4076 A,21.4,-37.1,2.3,0.5,,,K4 V,,,,
Star,230127,DM+3 3465 A,-4.1,-40,2.5,0.5,,,K3 V,,,,
Star,230128,DM+4 123 A,22,4.4,1.9,0.5,,,K2 V,,,,
Star,230129,DM+4 4048 A,5.9,-17.8,1.6,0.5,,,M3 V,,,,
Star,230130,VB 10 B,5.9,-17.8,1.6,0.5,,,M5 V,,,,
Star,230131,DM+4 4157 A,16.3,-38.4,3.2,0.5,,,M1 V,,,,
Star,230132,DM+5 1668 A,-4.5,11.4,1.1,0.5,,,M5 V ,,,,
Star,230133,DM+5 1668 B,-4.5,11.4,1.1,0.5,,,M0 V,,,,
Star,230134,DM+5 3409 B,-4.5,-31.5,3.1,0.5,,,M0 V,,,,
Star,230135,DM+5 3409 A,-4.5,-31.5,3.1,0.5,,,M1 V,,,,
Star,230136,DM+5 3993 A,9.1,-37.1,3.9,0.5,,,M2 V,,,,
Star,230137,DM+6 2182 A,-29,22.7,3.7,0.5,,,K3 V,,,,
Star,230138,DM+6 398 A,18.2,14.4,2.7,0.5,,,K3 V,,,,
Star,230139,DM+6 398 C,18.2,14.4,2.7,0.5,,,M4 V,,,,
Star,230140,DM+6 398 B,18.2,14.4,2.7,0.5,,,M0 V,,,,
Star,230141,DM+7 4052 A,15.5,-42.2,5.8,0.5,,,K5 V,,,,
Star,230142,DM+9 2636 A,-44.4,-5.6,7.1,0.5,,,M1 V,,,,
Star,230143,DM+10 1032 B,-1.1,30.8,5.6,0.5,,,M0 V,,,,
Star,230144,DM+10 1032 A,-1.1,30.8,5.6,0.5,,,M3 V,,,,
Star,230145,DM+10 2531 A,-39.6,-13.3,7.1,0.5,,,G0 V,,,,
Star,230146,DM+11 2576 A,-22.7,-9.2,4.5,0.5,,,M1 V,,,,
Star,230147,DM+11 2576 B,-22.7,-9.2,4.5,0.5,,,M0 V,,,,
Star,230148,DM+11 878 A,4.2,36.5,7.3,0.5,,,M0 V,,,,
Star,230149,DM+12 1944 A,-32.4,33.9,9.8,0.5,,,M5 V,,,,
Star,230150,DM+13 2618 A,-37.6,-9.8,8.7,0.5,,,M2 V,,,,
Star,230151,DM+13 2901 A,-30.7,-32.5,10.6,0.5,,,G6 V,,,,
Star,230152,DM+15 2620 A,-14.1,-6.9,4.2,0.5,,,M4 V,,,,
Star,230153,DM+15 3364 A,0.9,-43.6,12.4,0.5,,,G6 VII,,,,
Star,230154,DM+15 4733 A,20.5,-6.1,6.2,0.5,,,M2 V,,,,
Star,230155,DM+15 4733 B,20.5,-6.1,6.2,0.5,,,M0 V,,,,
Star,230156,DM+16 2404 A,-45.6,-7.8,12.9,0.5,,,K8 V,,,,
Star,230157,DM+16 2658 A,-34.5,-25.8,12.1,0.5,,,M3 V ,,,,
Star,230158,DM+16 2708 A,-23.9,-22.3,9.5,0.5,,,M0 V,,,,
Star,230159,DM+17 1320 A,-4.5,29.5,9.4,0.5,,,M1 V,,,,
Star,230160,DM+17 2611 A,-34,-11.5,11.1,0.5,,,K2 V,,,,
Star,230161,DM+17 2611 B,-34,-11.5,11.1,0.5,,,M2 V ,,,,
Star,230162,DM+18 1214 A,-3.8,36.9,12.6,0.5,,,K3 V,,,,
Star,230163,DM+18 2776 A,-28.8,-13.9,10.4,0.5,,,M1 V,,,,
Star,230164,DM+18 3606 A,2.6,-46.1,15.4,0.5,,,M1 V,,,,
Star,230165,DM+18 683 A,10.8,29.8,10.8,0.5,,,M2 V,,,,
Star,230166,DM+19 279 A,20.7,9.6,8.3,0.5,,,K1 V,,,,
Star,230167,DM+19 2881 A,-26.9,-24.9,12.8,0.5,,,K1 V,,,,
Star,230168,DM+19 2881 B,-26.9,-24.9,12.8,0.5,,,M0 V,,,,
Star,230169,DM+19 5036 A,40.1,-11.8,15.6,0.5,,,G4 V,,,,
Star,230170,DM+19 5116 A,19.6,-2.7,7,0.5,,,M4 V,,,,
Star,230171,DM+19 5116 B,19.6,-2.7,7,0.5,,,M6 V,,,,
Star,230172,DM+20 5046 A,19.6,-12.1,8.8,0.5,,,K5 V,,,,
Star,230173,DM+20 802 A,15.3,41.3,16.7,0.5,,,K3 V,,,,
Star,230174,DM+20 85 A,31.6,5.1,12.2,0.5,,,K0 V,,,,
Star,230175,DM+21 587 A,21.5,38.1,17.6,0.5,,,G1 V,,,,
Star,230176,DM+21 652 A,12.8,29.5,12.8,0.5,,,M1 V,,,,
Star,230177,DM+22 2302 A,-34.3,9.1,14.5,0.5,,,M2 V,,,,
Star,230178,DM+24 2733 A,-34.9,-27.7,19.6,0.5,,,M1 V,,,,
Star,230179,DM+24 2733 B,-36.1,-26.1,19.6,0.5,,,M2 V,,,,
Star,230180,DM+24 2786 A,-31.6,-28.5,19,0.5,,,G2 V,,,,
Star,230181,DM+24 2786 B,-31.6,-28.5,19,0.5,,,M0 V,,,,
Star,230182,DM+25 2874 A,-27.2,-28.5,18.4,0.5,,,K7 V,,,,
Star,230183,DM+25 3173 A,-8.5,-29.7,14.9,0.5,,,M2 V,,,,
Star,230184,DM+25 3719 A,10.6,-37.7,18.9,0.5,,,K2 V,,,,
Star,230185,DM+25 613 A,21.3,31.4,18.5,0.5,,,K7 VII,,,,
Star,230186,DM+26 4734 B,34.6,-0.1,17.5,0.5,,,M5 V ,,,,
Star,230187,DM+26 4734 C,34.6,-0.1,17.5,0.5,,,M3 V,,,,
Star,230188,DM+27 2055 A,-40.2,2.7,20.7,0.5,,,K3 V,,,,
Star,230189,DM+27 2296 B,-24.9,-12.6,14.3,0.5,,,K6 V,,,,
Star,230190,DM+27 28217 A,-29,2.5,14.7,0.5,,,M3 V,,,,
Star,230191,DM+27 4120 A,32.9,-24,21.1,0.5,,,M0 V,,,,
Star,230192,DM+27 4120 B,32.9,-24,21.1,0.5,,,M0 V,,,,
Star,230193,DM+28 1660 A,-26.1,28.5,21,0.5,,,G8 V,,,,
Star,230194,DM+28 4704 A,39.1,0.6,21.4,0.5,,,K0 V,,,,
Star,230195,DM+30 2512 A,-29.8,-20.8,20.8,0.5,,,K8 V,,,,
Star,230196,DM+31 2240 A,-33.8,7.7,20.5,0.5,,,K9 V,,,,
Star,230197,DM+31 2240 B,-33.8,7.7,20.5,0.5,,,M2 V,,,,
Star,230198,DM+31 3767 A,15.8,-32.3,22.3,0.5,,,M1 V,,,,
Star,230199,DM+31 3767 B,15.8,-32.3,22.3,0.5,,,M2 V,,,,
Star,230200,DM+32 2896 A,-6.8,-37.1,24,0.5,,,G2 V,,,,
Star,230201,DM+32 828 A,20.8,13.4,-15.7,0.5,,,M0 V,,,,
Star,230202,DM+33 529 A,30.2,27.4,27.7,0.5,,,M0 V,,,,
Star,230203,DM+34 2323 A,-35,-4.5,23.5,0.5,,,K4 V,,,,
Star,230204,DM+35 2436 A,-25.4,-8.9,19,0.5,,,M0 V,,,,
Star,230205,DM+35 2436 B,-25.4,-8.9,19,0.5,,,M3 V,,,,
Star,230206,DM+36 1638 A,-11.3,27.6,21.9,0.5,,,M3 V,,,,
Star,230207,DM+36 1638 B,-11.3,27.6,21.9,0.5,,,M0 V,,,,
Star,230208,Ross 989 C,-11.3,27.6,21.9,0.5,,,M4 V,,,,
Star,230209,DM+36 1970 A,-30.5,23.5,28.5,0.5,,,M2 V,,,,
Star,230210,DM+36 1979 B,-19.4,14.4,17.5,0.5,,,M0 V,,,,
Star,230211,DM+36 1979 A,-19.4,14.4,17.5,0.5,,,G8 IV,,,,
Star,230212,DM+36 2219 A,-27.9,1.2,19.9,0.5,,,M1 V,,,,
Star,230213,DM+36 2393 A,-23.5,-10.4,18.5,0.5,,,M2 V,,,,
Star,230214,DM+37 748 A,23.1,26.4,27.5,0.5,,,M1 V,,,,
Star,230215,DM+38 3095 A,0.9,-27.5,21.7,0.5,,,K2 V,,,,
Star,230216,DM+39 154 A,34.2,5.7,29,0.5,,,K2 V,,,,
Star,230217,DM+39 2376 B,-28.3,9.9,24,0.5,,,M0 V,,,,
Star,230218,DM+39 2376 A,-28.3,9.9,24,0.5,,,M2 V,,,,
Star,230219,DM+39 2947 A,-15.4,-27.6,25.7,0.5,,,G8 V,,,,
Star,230220,DM+40 45 A,35.2,2.2,30.3,0.5,,,M0 V,,,,
Star,230221,DM+41 2147 A,-32.2,9.1,28.7,0.5,,,G0 V,,,,
Star,230222,DM+41 219 A,31.8,9.6,29.7,0.5,,,F8 V,,,,
Star,230223,DM+41 2695 A,-15.9,-33.7,32.4,0.5,,,M0 V,,,,
Star,230224,DM+42 1956 B,-22.9,23.4,29.4,0.5,,,M0 V,,,,
Star,230225,DM+42 1956 A,-22.9,23.4,29.4,0.5,,,F5 V,,,,
Star,230226,DM+42 2296 A,-33.4,-2.9,30.5,0.5,,,M0 V,,,,
Star,230227,DM+43 1953 A,-28.4,19.8,32.1,0.5,,,K5 V,,,,
Star,230228,DM+43 2796 A,-1.8,-23,21.7,0.5,,,M3 V,,,,
Star,230229,DM+43 4305 A,10.3,-3.6,10.5,0.5,,,M4 V,,,,
Star,230230,DM+43 4305 B,10.3,-3.6,10.5,0.5,,,M0 V,,,,
Star,230231,DM+44 4548 A,24.3,0.2,24.7,0.5,,,M2 V,,,,
Star,230232,DM+45 2014 A,-27.9,-1.8,27.6,0.5,,,K4 V,,,,
Star,230233,DM+45 2247 A,-20.3,-20.1,29.1,0.5,,,M0 V,,,,
Star,230234,DM+45 2505 B,-3.2,-16.4,15,0.5,,,M3 V,,,,
Star,230235,DM+45 2688 A,2.1,-33.1,33.7,0.5,,,M0 V,,,,
Star,230236,DM+45 2743 A,4,-27.5,28.4,0.5,,,M2 V,,,,
Star,230237,VB 9 B,4,-27.5,28.4,0.5,,,M0 V,,,,
Star,230238,DM+45 4408 A,24.5,0.3,25,0.5,,,K9 V,,,,
Star,230239,DM+45 4408 C,24.5,0.3,25,0.5,,,M0 V,,,,
Star,230240,DM+45 4408 B,24.5,0.3,25,0.5,,,M0 V,,,,
Star,230241,DM+46 1551 A,-28.5,18.9,35.6,0.5,,,G1 V,,,,
Star,230242,DM+46 1635 A,-29.5,12.4,32.9,0.5,,,K7 V,,,,
Star,230243,DM+46 1889 A,-19.4,-8.8,22.2,0.5,,,M2 V,,,,
Star,230244,DM+47 2112 A,-24.3,-14.1,29.5,0.5,,,M3 V,,,,
Star,230245,DM+47 2112 B,-24.3,-14.1,29.5,0.5,,,M3 V,,,,
Star,230246,DM+47 612 A,17.3,12,23.1,0.5,,,M1 V,,,,
Star,230247,DM+48 1829 A,-27.6,16,35.8,0.5,,,M2 V,,,,
Star,230248,DM+48 2108 B,-17.6,-6.2,20.7,0.5,,,M0 V,,,,
Star,230249,DM+48 2108 A,-17.6,-6.2,20.7,0.5,,,M2 V,,,,
Star,230250,DM+49 1280 A,7.7,26.5,32.7,0.5,,,M2 V,,,,
Star,230251,DM+50 1832 A,-24,3.1,28.6,0.5,,,K3 V,,,,
Star,230252,DM+50 2030 A,-25.4,-13.2,34.3,0.5,,,M0 V,,,,
Star,230253,DM+51 2402 A,4,-28.2,36,0.5,,,K6 V,,,,
Star,230254,DM+51 2402 B,4,-28.2,36,0.5,,,M0 V,,,,
Star,230255,DM+52 2294 A,5.6,-25.3,34.2,0.5,,,G8 V,,,,
Star,230256,DM+52 857 A,7.3,18.5,26.2,0.5,,,K8 V,,,,
Star,230257,DM+52 911 A,7.6,28.2,38.8,0.5,,,M0 V,,,,
Star,230258,DM+53 1320 A,-8.8,7.9,15.6,0.5,,,M0 V,,,,
Star,230259,DM+53 1321 B,-8.8,7.9,15.6,0.5,,,M0 V,,,,
Star,230260,DM+53 934 A,2,20.7,28.1,0.5,,,K1 V,,,,
Star,230261,DM+53 935 A,2,20.7,28.1,0.5,,,M1 V,,,,
Star,230262,DM+55 1519 A,-24.5,-1.1,34.5,0.5,,,M2 V,,,,
Star,230263,DM+56 1458 A,-20.1,8.5,32.6,0.5,,,K7 V,,,,
Star,230264,DM+56 1459 A,-20.1,8.5,32.6,0.5,,,F8 V,,,,
Star,230265,DM+56 2966 A,11.8,-2.6,18.5,0.5,,,K3 V,,,,
Star,230266,DM+57 2735 A,20.2,-3.4,32.3,0.5,,,M2 V,,,,
Star,230267,DM+59 1915 A,1,-5.8,9.9,0.5,,,M4 V,,,,
Star,230268,DM+59 1915 B,1,-5.8,9.9,0.5,,,M5 V,,,,
Star,230269,DM+60 1003 A,-4.8,23.5,42.2,0.5,,,M0 V,,,,
Star,230270,DM+61 195 A,13.7,3.6,26.9,0.5,,,M2 V,,,,
Star,230271,DM+61 195 B,13.7,3.6,26.9,0.5,,,M0 V,,,,
Star,230272,DM+61 2068 A,7.6,-8.2,21,0.5,,,M2 V,,,,
Star,230273,DM+61 366 A,13.4,7.6,28.6,0.5,,,K5 V,,,,
Star,230274,DM+62 1916 A,17,-15.1,43.8,0.5,,,G5 VII,,,,
Star,230275,DM+62 274 A,18.7,7.9,39.7,0.5,,,K1 V,,,,
Star,230276,DM+63 137 A,19.3,5.5,40.5,0.5,,,K7 V,,,,
Star,230277,DM+63 229 A,17.5,8.1,38.9,0.5,,,K5 V,,,,
Star,230278,DM+63 238 A,11.4,5.5,25.6,0.5,,,K0 V,,,,
Star,230279,DM+63 869 A,-15.2,9.4,35,0.5,,,M1 V,,,,
Star,230280,DM+66 1281 A,10.8,-16,44.6,0.5,,,G5 V,,,,
Star,230281,DM+66 34 A,13.1,1.6,31.2,0.5,,,M2 V,,,,
Star,230282,DM+66 34 B,13.1,1.6,31.2,0.5,,,M4 V,,,,
Star,230283,DM+66 717 A,-10.9,2,25,0.5,,,M1 V,,,,
Star,230284,DM+67 1014 A,-2.6,-16.6,40.1,0.5,,,K0 V,,,,
Star,230285,DM+67 1014 B,-2.6,-16.6,40.1,0.5,,,M0 V,,,,
Star,230286,DM+67 552 A,-9.9,12.6,38.5,0.5,,,M1 V,,,,
Star,230287,DM+67 552 B,-9.9,12.6,38.5,0.5,,,M0 V,,,,
Star,230288,DM+67 935 A,-6.2,-12.7,33.7,0.5,,,M0 V,,,,
Star,230289,DM+67 935 B,-6.2,-12.7,33.8,0.5,,,M3 V,,,,
Star,230290,DM+68 946 A,-0.6,-5.7,14.2,0.5,,,M3 V,,,,
Star,230291,DM+68 946 B,-0.6,-5.7,14.2,0.5,,,M0 V,,,,
Star,230292,DM+71 482 A,-8,8.5,33.8,0.5,,,K5 V,,,,
Star,230293,DM+71 482 B,-8,8.5,33.8,0.5,,,M0 V,,,,
Star,230294,DM+74 1047 A,8.9,-0.4,33.8,0.5,,,K3 V,,,,
Star,230295,DM+74 1047 C,8.9,-0.4,33.8,0.5,,,M2 V,,,,
Star,230296,DM+74 1047 B,8.9,-0.4,33.8,0.5,,,M0 V,,,,
Star,230297,DM+74 456 A,-12.1,2.5,42.2,0.5,,,K5 V,,,,
Star,230298,DM+74 456 B,-12.1,2.5,42.2,0.5,,,M2 V,,,,
Star,230299,DM+76 785 A,5.2,-8.1,41.8,0.5,,,M0 V,,,,
Star,230300,DM+80 238 A,-3.6,6.9,45.9,0.5,,,G8 V,,,,
Star,230301,DM-1 2892 A,-30.8,-17.6,-1.5,0.5,,,M0 V,,,,
Star,230302,DM-1 3220 A,-13.2,-33.3,-1.4,0.5,,,K0 V,,,,
Star,230303,DM-1 3474 A,3.4,-45.2,-1.6,0.5,,,M1 V,,,,
Star,230304,DM-1 4323 A,45.2,-18,-1,0.5,,,M1 V,,,,
Star,230305,DM-1 565 A,23.4,38.6,-1.1,0.5,,,K5 V,,,,
Star,230306,DM-1 565 B,23.4,38.6,-1.1,0.5,,,M3 V,,,,
Star,230307,DM-1 565 C,23.4,38.6,-1.1,0.5,,,M0 V,,,,
Star,230308,DM-2 129 A,45.2,11,-1.7,0.5,,,K1 VII,,,,
Star,230309,DM-2 2901 A,-36,28.4,-2.1,0.5,,,F6 V,,,,
Star,230310,DM-2 2902 B,-36,28.4,-2.1,0.5,,,K0 VI,,,,
Star,230311,DM-2 3000 A,-36.2,22.8,-2.6,0.5,,,M0 V,,,,
Star,230312,DM-3 1061 A,8.2,43.2,-2.4,0.5,,,K3 V,,,,
Star,230313,DM-3 1061 B,8.2,43.2,-2.5,0.5,,,M2 V,,,,
Star,230314,DM-3 1110 A,6.6,44.6,-2.8,0.5,,,K5 V,,,,
Star,230315,DM-3 1123 A,2.5,18.9,-1.3,0.5,,,M1 V,,,,
Star,230316,DM-3 2001 A,-18.4,40.5,-2.8,0.5,,,K2 V,,,,
Star,230317,DM-3 2002 B,-18.5,40.5,-2.8,0.5,,,K5 V,,,,
Star,230318,DM-3 2870 A,-25.8,13.4,-1.8,0.5,,,M2 V,,,,
Star,230319,DM-3 2870 B,-25.8,13.4,-1.8,0.5,,,M0 V,,,,
Star,230320,DM-3 3508 A,-43,-19.5,-3.3,0.5,,,K6 V,,,,
Star,230321,DM-3 3508 B,-43,-19.5,-3.3,0.5,,,M0 V,,,,
Star,230322,DM-3 4233 A,0.2,-23.6,-1.3,0.5,,,M2 V,,,,
Star,230323,DM-4 2226 A,-17.7,28.9,-2.6,0.5,,,M3 VI,,,,
Star,230324,DM-4 2490 A,-26.1,27.9,-3.6,0.5,,,G3 V,,,,
Star,230325,DM-4 4225 A,-8.9,-34.6,-3.2,0.5,,,K5 V,,,,
Star,230326,DM-4 4226 A,-8.9,-34.6,-3.2,0.5,,,M3 V,,,,
Star,230327,DM-5 1123 A,7.9,28.6,-3.1,0.5,,,K3 V,,,,
Star,230328,DM-5 1123 B,7.9,28.6,-3.1,0.5,,,M0 V,,,,
Star,230329,DM-5 1844 A,-6.8,30.4,-2.8,0.5,,,K6 V,,,,
Star,230330,DM-5 1844 B,-6.8,30.4,-2.9,0.5,,,M2 V,,,,
Star,230331,DM-5 5674 A,35.2,-21.2,-3.4,0.5,,,K2 V,,,,
Star,230332,DM-5 5715 A,25.5,-13.8,-2.5,0.5,,,M3 V,,,,
Star,230333,DM-5 642 A,28.1,34.3,-4.4,0.5,,,K5 V,,,,
Star,230334,DM-6 4663 A,-2.3,-42.1,-4.5,0.5,,,M2 V,,,,
Star,230335,DM-6 4663 B,-2.3,-42.1,-4.5,0.5,,,M0 V,,,,
Star,230336,DM-7 4003 A,-13.8,-16,-2.8,0.5,,,M5 V,,,,
Star,230337,DM-7 699 A,22.5,36.1,-5.3,0.5,,,M0 V,,,,
Star,230338,DM-7 781 B,7,14,-2.2,0.5,,,A0 VII,,,,
Star,230339,DM-7 781 C,7,14,-2.2,0.5,,,M4 V,,,,
Star,230340,DM-8 2582 A,-33.2,31.9,-7,0.5,,,M0 V,,,,
Star,230341,DM-8 2582 B,-33.2,31.9,-7,0.5,,,M0 V,,,,
Star,230342,DM-9 3413 A,-40.1,0.3,-7.2,0.5,,,K0 IV,,,,
Star,230343,DM-11 2741 A,-33.1,21.3,-8.5,0.5,,,M2 V,,,,
Star,230344,DM-11 3759 A,-15.8,-12.3,-4.4,0.5,,,M4 V,,,,
Star,230345,DM-12 2449 A,-22.6,33.3,-9,0.5,,,G8 V,,,,
Star,230346,DM-12 2918 A,-22.8,17.6,-6.9,0.5,,,M4 V,,,,
Star,230347,DM-12 2918 B,-22.8,17.6,-6.9,0.5,,,M4 V,,,,
Star,230348,DM-12 4523 B,-5.1,-11.8,-2.9,0.5,,,M0 V,,,,
Star,230349,DM-13 2267 B,-21.1,40.7,-11.3,0.5,,,M0 V,,,,
Star,230350,DM-13 2267 A,-21.1,40.7,-11.3,0.5,,,G1 V,,,,
Star,230351,DM-13 544 A,18.4,16.9,-5.8,0.5,,,K0 V,,,,
Star,230352,DM-14 5936 A,34.5,-33.3,-12.1,0.5,,,K1 V,,,,
Star,230353,DM-14 5936 B,34.5,-33.3,-12.1,0.5,,,M0 VI,,,,
Star,230354,DM-15 6290 A,14.4,-4.6,-4,0.5,,,M5 V,,,,
Star,230355,DM-16 214 A,43.6,14.8,-13.1,0.5,,,K3 VII,,,,
Star,230356,DM-17 3813 A,-24.7,-8.5,-8.5,0.5,,,G6 V,,,,
Star,230357,DM-17 6768 B,40.1,-5.3,-12.4,0.5,,,M0 V,,,,
Star,230358,DM-17 6768 A,40.1,-5.3,-12.4,0.5,,,M5 VI,,,,
Star,230359,DM-17 6769 A,40.1,-5.3,-12.5,0.5,,,K5 V,,,,
Star,230360,DM-17 954 A,12.9,38.3,-12.4,0.5,,,G1 V,,,,
Star,230361,DM-18 3019 A,-31.1,10.7,-11.3,0.5,,,M0 V,,,,
Star,230362,DM-18 359 A,23.4,13.8,-8.8,0.5,,,M3 V,,,,
Star,230363,DM-18 4986 A,5.6,-45.7,-15.8,0.5,,,K3 V,,,,
Star,230364,DM-19 3242 B,-30.2,5.4,-11.3,0.5,,,M0 V,,,,
Star,230365,DM-19 3242 A,-30.2,5.4,-11.3,0.5,,,M0 V,,,,
Star,230366,DM-19 5899 B,29.5,-35.3,-16,0.5,,,M0 V,,,,
Star,230367,DM-19 5899 A,29.5,-35.3,-16,0.5,,,M2 V,,,,
Star,230368,DM-20 4123 B,-12.3,-11.7,-6.6,0.5,,,M2 V,,,,
Star,230369,DM-20 4125 A,-12.3,-11.7,-6.6,0.5,,,K5 V,,,,
Star,230370,DM-20 643 A,23,28.8,-13.5,0.5,,,K7 V,,,,
Star,230371,DM-21 1051 B,5.9,22.3,-9.1,0.5,,,M0 V,,,,
Star,230372,DM-21 1051 A,5.9,22.3,-9.1,0.5,,,M1 V,,,,
Star,230373,DM-21 1377 A,-0.7,17.3,-7,0.5,,,M1 V,,,,
Star,230374,DM-21 3781 A,-33.8,-17.1,-15.2,0.5,,,K6 V,,,,
Star,230375,DM-21 4352 A,-18.5,-40.6,-17.9,0.5,,,K5 VII,,,,
Star,230376,DM-21 5081 A,7.1,-45.6,-17.8,0.5,,,G4 V,,,,
Star,230377,DM-21 6267 A,23.6,-9.1,-9.7,0.5,,,M2 V,,,,
Star,230378,DM-21 6267 B,23.6,-9.1,-9.7,0.5,,,M0 V,,,,
Star,230379,DM-22 2345 C,-27.7,33.8,-18.1,0.5,,,F6 V,,,,
Star,230380,DM-22 6219 A,45.7,-1.6,-18.6,0.5,,,M0 V,,,,
Star,230381,DM-23 11940 A,-32.9,-29.9,-19.9,0.5,,,K5 V,,,,
Star,230382,DM-23 15935 A,17.4,-30.8,-15,0.5,,,G7 V,,,,
Star,230383,DM-23 17699 A,22.2,-6.3,-9.8,0.5,,,M1 V,,,,
Star,230384,DM-23 332 A,43.7,9.5,-19.2,0.5,,,M0 V,,,,
Star,230385,DM-23 693 A,29.2,15.3,-13.9,0.5,,,M1 V,,,,
Star,230386,DM-23 8646 A,-34,23.7,-18.2,0.5,,,G0 V,,,,
Star,230387,DM-23 9765 A,-28.7,6.7,-13.3,0.5,,,M0 V,,,,
Star,230388,DM-24 12677 A,-17.9,-38.4,-19.4,0.5,,,M2 V,,,,
Star,230389,DM-24 15668 A,19,-36.1,-18.3,0.5,,,K5 V,,,,
Star,230390,DM-24 16193 A,26.9,-33,-19,0.5,,,G8 V,,,,
Star,230391,DM-25 225 B,39.4,6,-18.7,0.5,,,M0 V,,,,
Star,230392,DM-25 225 A,39.4,6,-18.7,0.5,,,G5 V,,,,
Star,230393,DM-25 3913 A,-10.3,38.8,-19.5,0.5,,,K0 V,,,,
Star,230394,DM-26 12026 A,-3.3,-15.6,-8,0.5,,,K1 V,,,,
Star,230395,DM-26 12026 B,-3.3,-15.6,-8,0.5,,,K1 V,,,,
Star,230396,DM-26 12036 C,-3.3,-15.6,-7.9,0.5,,,K5 V,,,,
Star,230397,DM-26 16501 A,41.2,-9.7,-20.9,0.5,,,K0 VII,,,,
Star,230398,DM-26 828 A,35,23.8,-20.9,0.5,,,G5 V,,,,
Star,230399,DM-26 8883 A,-28.4,0.5,-14.8,0.5,,,K5 V,,,,
Star,230400,DM-27 14659 A,13.1,-20.3,-12.5,0.5,,,K1 V,,,,
Star,230401,DM-27 14659 B,13.1,-20.3,-12.5,0.5,,,M0 V,,,,
Star,230402,DM-28 16676 A,21.5,-29.5,-19.4,0.5,,,M3 V,,,,
Star,230403,DM-28 302 A,20.5,5,-40.8,0.5,,,M0 V,,,,
Star,230404,DM-28 694 A,31.5,19.7,-20.2,0.5,,,K2 V,,,,
Star,230405,DM-29 8019 A,-33,19.1,-22.2,0.5,,,M4 VI,,,,
Star,230406,DM-30 19175 A,33.5,-14.6,-21.4,0.5,,,K5 V,,,,
Star,230407,DM-30 19255 A,36.2,-13.6,-22.3,0.5,,,K5 V,,,,
Star,230408,DM-31 17815 A,15.9,-18.7,-15.1,0.5,,,M0 V,,,,
Star,230409,DM-31 325 A,39.1,8.7,-23.8,0.5,,,K3 V,,,,
Star,230410,DM-31 325 B,39.1,8.7,-23.8,0.5,,,M0 V,,,,
Star,230411,DM-31 6229 A,-21.1,27.1,-21,0.5,,,K0 V,,,,
Star,230412,DM-31 9113 A,-30.1,3.5,-19.2,0.5,,,M2 VI,,,,
Star,230413,DM-32 16135 A,15.5,-18.7,-15.6,0.5,,,M4 V,,,,
Star,230414,DM-32 16135 B,15.5,-18.7,-15.6,0.5,,,M4 V,,,,
Star,230415,DM-32 17321 A,20.7,-6.2,-13.5,0.5,,,K5 V,,,,
Star,230416,DM-32 5613 A,-15.6,18.6,-15.7,0.5,,,A0 VII,,,,
Star,230417,DM-32 8179 A,-26,3.1,-16.8,0.5,,,K0 V,,,,
Star,230418,VB 4 B,-26,3.1,-16.8,0.5,,,M0 V,,,,
Star,230419,DM-34 11626 A,-3.7,-18.8,-13.4,0.5,,,K3 V,,,,
Star,230420,DM-34 11626 B,-3.7,-18.8,-13.4,0.5,,,K5 V,,,,
Star,230421,DM-34 11626 C,-3.7,-18.8,-13.4,0.5,,,M2 V,,,,
Star,230422,DM-34 4036 A,-17.9,34,-22.8,0.5,,,F5 V,,,,
Star,230423,DM-34 4036 B,-17.9,34,-22.8,0.5,,,K3 VI,,,,
Star,230424,DM-35 3233 B,-9.3,37.3,-27.4,0.5,,,M0 V,,,,
Star,230425,DM-35 3233 A,-9.3,37.3,-27.4,0.5,,,F8 V,,,,
Star,230426,DM-36 13940 A,7.8,-12.6,-10.9,0.5,,,K3 V,,,,
Star,230427,DM-36 13940 B,7.8,-12.6,-10.9,0.5,,,M5 V,,,,
Star,230428,DM-36 2458 A,1.7,27.8,-20.6,0.5,,,M2 V,,,,
Star,230429,DM-37 10500 B,-19.8,-29.3,-27.4,0.5,,,A0 VII,,,,
Star,230430,DM-37 10500 A,-19.8,-29.3,-27.4,0.5,,,G6 V,,,,
Star,230431,DM-37 10765 A,-8.7,-17.8,-15.2,0.5,,,M4 VI,,,,
Star,230432,DM-37 10765 B,-8.7,-17.8,-15.2,0.5,,,M7 V,,,,
Star,230433,DM-37 8437 A,-33.9,-10.6,-27.3,0.5,,,G3 V,,,,
Star,230434,DM-38 1058 A,22.6,24.8,-26.6,0.5,,,M5 VI,,,,
Star,230435,DM-38 4789 A,-17.2,20.1,-21.3,0.5,,,K1 V,,,,
Star,230436,DM-39 10940 B,-10.6,-36.7,-31.5,0.5,,,M0 VI,,,,
Star,230437,DM-39 10940 A,-10.6,-36.7,-31.5,0.5,,,K5 V,,,,
Star,230438,DM-39 14192 A,7.2,-6.5,7.8,0.5,,,M0 V,,,,
Star,230439,DM-39 7301 A,-25.4,1.7,-21.5,0.5,,,G5 V,,,,
Star,230440,VB 5 B,-25.4,1.7,-21.5,0.5,,,M0 V,,,,
Star,230441,DM-40 5404 A,-20.9,14.9,-22.3,0.5,,,M0 V,,,,
Star,230442,DM-40 9712 A,-8.9,-11.5,-12.7,0.5,,,M4 VI,,,,
Star,230443,DM-41 1288 A,16.1,29.6,-29.3,0.5,,,K0 VII,,,,
Star,230444,DM-41 328 A,25.1,11.5,25.2,0.5,,,G2 V,,,,
Star,230445,DM-42 249 B,31.6,6,-29.2,0.5,,,M0 VI,,,,
Star,230446,DM-42 249 A,32.4,6.2,-30,0.5,,,K5 V,,,,
Star,230447,DM-42 5678 A,-20.2,12.9,-22.6,0.5,,,K5 V,,,,
Star,230448,DM-43 12343 A,1.2,-32.4,-30.8,0.5,,,K7 V,,,,
Star,230449,DM-43 7228 A,-28.8,2.6,-28.1,0.5,,,K5 V,,,,
Star,230450,DM-44 3045 A,-5,19.6,-19.8,0.5,,,M4 V,,,,
Star,230451,DM-44 3045 B,-5,19.6,-19.8,0.5,,,M4 V,,,,
Star,230452,DM-44 775 A,19.2,15,-23.6,0.5,,,K6 V,,,,
Star,230453,DM-44 775 B,19.2,15,-23.6,0.5,,,M0 V,,,,
Star,230454,DM-45 1184 A,16.6,21.9,-27.4,0.5,,,M4 VI,,,,
Star,230455,DM-45 13677 A,7.5,-11.8,-14.2,0.5,,,M0 V,,,,
Star,230456,DM-45 5378 A,-17.3,11.8,-21.4,0.5,,,M4 VI,,,,
Star,230457,DM-45 5627 A,-25.9,15.4,-31.4,0.5,,,M5 VI,,,,
Star,230458,DM-45 7872 A,-29.7,-4.4,-30.7,0.5,,,M1 V,,,,
Star,230459,DM-46 11370 A,-3.4,-16.8,-18.1,0.5,,,G8 V,,,,
Star,230460,DM-46 11370 B,-3.4,-16.8,-18.1,0.5,,,M0 V,,,,
Star,230461,DM-46 11540 A,-1.6,-10.3,-11.1,0.5,,,M4 VI,,,,
Star,230462,DM-46 12902 B,10.1,-30.8,-33.5,0.5,,,M0 VI,,,,
Star,230463,DM-46 12902 A,10.1,-30.8,-33.5,0.5,,,K9 V,,,,
Star,230464,DM-46 3046 B,-8.8,25.3,-28.7,0.5,,,M0 V,,,,
Star,230465,DM-46 3046 A,-8.8,25.3,-28.7,0.5,,,K2 V,,,,
Star,230466,DM-46 943 A,19.8,21.7,-31.3,0.5,,,K4 VII,,,,
Star,230467,DM-47 13928 A,25,-16.8,-33,0.5,,,G2 V,,,,
Star,230468,DM-47 502 A,30.8,13.9,-36,0.5,,,M0 V,,,,
Star,230469,DM-48 1011 A,14.6,19.6,-27.8,0.5,,,K7 V,,,,
Star,230470,DM-48 11837 A,-3.3,-25.8,-29.5,0.5,,,M0 V,,,,
Star,230471,DM-48 12818 A,6.2,-25.4,-29.4,0.5,,,M4 VI,,,,
Star,230472,DM-49 2340 A,-4.7,29.5,-35.7,0.5,,,K0 VII,,,,
Star,230473,DM-51 10924 B,-3.5,-23.6,-30.1,0.5,,,M0 V,,,,
Star,230474,DM-51 10924 A,-3.5,-23.6,-30.1,0.5,,,M0 V,,,,
Star,230475,DM-51 12998 A,23.4,-17.5,-36.3,0.5,,,K2 V,,,,
Star,230476,DM-51 13128 A,25.1,-15.5,-36.9,0.5,,,M0 VI,,,,
Star,230477,DM-51 532 A,19.4,12.2,-28.5,0.5,,,K0 V,,,,
Star,230478,DM-51 5974 A,-16.9,1.4,-21.3,0.5,,,K0 VII,,,,
Star,230479,DM-51 6859 A,-16.5,-2.6,-21.2,0.5,,,M3 V,,,,
Star,230480,DM-53 8617 A,14.9,-18.1,-31,0.5,,,K7 V,,,,
Star,230481,DM-53 889 A,10.9,22,-33.2,0.5,,,K5 V,,,,
Star,230482,DM-54 487 A,21.3,14.3,-35.8,0.5,,,M0 V,,,,
Star,230483,DM-54 9222 B,21,-10.4,-32.2,0.5,,,M0 VI,,,,
Star,230484,DM-54 9222 A,21,-10.4,-32.2,0.5,,,G1 V,,,,
Star,230485,DM-56 328 B,10.7,4.8,-17.8,0.5,,,K5 V,,,,
Star,230486,DM-57 6303 A,-12.4,-23.6,-41.7,0.5,,,K0 V,,,,
Star,230487,DM-58 5564 A,-13.4,-9,-27,0.5,,,K3 V,,,,
Star,230488,DM-58 7076 A,2.7,-24.4,-39.7,0.5,,,K0 VII,,,,
Star,230489,DM-58 8327 A,22.7,-10.5,-40.1,0.5,,,G4 V,,,,
Star,230490,DM-59 2351 A,-12,10,-27.2,0.5,,,M1 V,,,,
Star,230491,DM-60 3532 A,-17.2,2.8,-31.8,0.5,,,K7 V,,,,
Star,230492,DM-60 3532 B,-17.2,2.8,-31.8,0.5,,,M0 V,,,,
Star,230493,DM-60 7821 A,17.6,-10.7,-35.8,0.5,,,K0 VII,,,,
Star,230494,DM-62 780 A,2.4,19.5,37.4,0.5,,,M0 V,,,,
Star,230495,DM-63 110 A,30.6,38.5,3.1,0.5,,,K5 V,,,,
Star,230496,DM-68 1095 A,-17.5,-2.4,-44.6,0.5,,,K0 V,,,,
Star,230497,DM-68 47 A,10.4,3.2,-26.7,0.5,,,K0 VII,,,,
Star,230498,DM-73 1672 A,10.4,-1.1,-34.3,0.5,,,K3 V,,,,
Star,230499,Davout A,-1.3,-10.9,-10.7,0.5,,,M5 V,,,,
Star,230500,Delta Aquilae A,16.4,-43.5,2.4,0.5,,,F0 IV,,,,
Star,230501,Delta Aquilae B,16.4,-43.5,2.4,0.5,,,M0 V,,,,
Star,230502,Delta Eridani A,16.5,23.7,-5.1,0.5,,,K0 IV,,,,
Star,230503,Delta Pavonis A,3.8,-6.5,-17.1,0.5,,,G8 V,,,,
Star,230504,Delta Trianguli A,23.2,15.3,18.7,0.5,,,G0 V,,,,
Star,230505,Delta Trianguli B,23.2,15.3,18.7,0.5,,,M0 V,,,,
Star,230506,Denebola A,-41.4,2.4,10.9,0.5,,,A3 V,,,,
Star,230507,Ellis A,-6.5,-14.3,17.6,0.5,,,G0 V,,,,
Star,230508,Epsilon Ceti B,35.7,29.2,-9.9,0.5,,,M0 V,,,,
Star,230509,Epsilon Ceti A,35.7,29.2,-9.9,0.5,,,F8 V,,,,
Star,230510,Epsilon Eridani A,6.4,8.4,-1.9,0.5,,,K2 V,,,,
Star,230511,Epsilon Eridani B,6.4,8.4,-1.9,0.5,,,M0 V,,,,
Star,230512,Epsilon Indi A,5.2,-3.1,-9.4,0.5,,,K5 V,,,,
Star,230513,Eta Bootis A,-26.8,-14.3,10.2,0.5,,,G0 IV,,,,
Star,230514,Eta Bootis B,-26.8,-14.3,10.2,0.5,,,M0 V,,,,
Star,230515,Eta Cassiopeiae A,10,2,16.1,0.5,,,G0 V,,,,
Star,230516,Eta Cassiopeiae B,10,2,16.1,0.5,,,M0 V,,,,
Star,230517,Eta Cephei A,14.1,-16.3,39.8,0.5,,,K0 IV,,,,
Star,230518,Fomalhaut A,18.2,-5.4,-10.9,0.5,,,A3 V,,,,
Star,230519,G5-43 A,22.7,29.3,9.3,0.5,,,M3 VI,,,,
Star,230520,G7-17 A,22.2,38,14.8,0.5,,,M9 V,,,,
Star,230521,G24-16 A,18.1,-24.3,5,0.5,,,M6 V,,,,
Star,230522,G29-38 A,42.2,-6.3,3.7,0.5,,,A0 VII,,,,
Star,230523,G44-42 A,-35.5,11.2,9.4,0.5,,,M4 V,,,,
Star,230524,G47-9 B,-26.2,28.5,21,0.5,,,M5 V,,,,
Star,230525,G107-69 A,-10.8,26.8,32.4,0.5,,,M6 VI,,,,
Star,230526,G107-69 B,-10.8,26.8,32.4,0.5,,,M5 V,,,,
Star,230527,G107-70 C,-10.1,25.1,30.4,0.5,,,A0 VII,,,,
Star,230528,G107-70 D,-10.3,25.1,30.4,0.5,,,M5 V,,,,
Star,230529,G195-19 A,-20.6,18.4,37.5,0.5,,,A0 VII,,,,
Star,230530,G197-50 B,-24.4,-1.1,34.5,0.5,,,M3 V,,,,
Star,230531,G200-38 C,-23.1,-16.8,38.5,0.5,,,K1 VII,,,,
Star,230532,Gamma Leporis A,1.8,24.4,-10.2,0.5,,,F6 V,,,,
Star,230533,DM-22 1210 B,1.8,24.4,-10.2,0.5,,,K2 V,,,,
Star,230534,VB 1 C,1.7,24.4,-10.1,0.5,,,M0 V,,,,
Star,230535,Gamma Pavonis A,8.9,-7.4,-25.6,0.5,,,F8 V,,,,
Star,230536,Gamma Serpentis Ka'vak'ah! A,-20.3,-33.1,10.9,0.5,,,F6 V,,,,
Star,230537,Gamma Virginis A,-32.5,-5.6,-0.7,0.5,,,F0 V,,,,
Star,230538,Gamma Virginis B,-32.5,-5.6,-0.7,0.5,,,F0 V,,,,
Star,230539,Groombridge 34 A,8.1,0.5,7.8,0.5,,,M1 V,,,,
Star,230540,Groombridge 34 C,8.3,0.5,7.9,0.5,,,M6 V,,,,
Star,230541,Groombridge 34 B,8.3,0.5,7.9,0.5,,,M0 V,,,,
Star,230542,Haifeng A,13,7.3,3.3,0.5,,,M8 V,,,,
Star,230543,Henry's Star A,-22.7,0.9,17.7,0.5,,,G8 VI,,,,
Star,230544,Catherine's Star B,-22.7,0.9,17.7,0.5,,,M0 V,,,,
Star,230545,Hochbaden A,-24.9,-12.6,14.3,0.5,,,K6 V,,,,
Star,230546,Hunjiang A,11.4,0.1,-8.9,0.5,,,M4 V,,,,
Star,230547,Iota Horologii A,22.3,18.9,-36.2,0.5,,,G3 IV,,,,
Star,230548,Iota Pegasi A,34.4,-19,18.4,0.5,,,F5 V,,,,
Star,230549,Iota Pegasi B,34.4,-19,18.4,0.5,,,M0 V,,,,
Star,230550,Iota Persei A,17,17.8,28.7,0.5,,,G4 V,,,,
Star,230551,Iota Piscium A,45.4,-4.6,4.2,0.5,,,F7 V,,,,
Star,230552,Iota Ursae Majoris D,-22.9,23.6,36.8,0.5,,,M0 V,,,,
Star,230553,Iota Ursae Majoris A,-22.9,23.6,36.8,0.5,,,A7 V,,,,
Star,230554,Iota Ursae Majoris B,-22.9,23.6,36.8,0.5,,,M1 V,,,,
Star,230555,Iota Ursae Majoris C,-22.9,23.6,36.8,0.5,,,M0 V,,,,
Star,230556,Kapetyn's Star A,1.9,8.7,-9.1,0.5,,,M0 V,,,,
Star,230557,Kappa Reticuli A,19.8,23,1.6,0.5,,,G5 V,,,,
Star,230558,Kimanjano A,-20.8,-3.6,14.3,0.5,,,K4 V,,,,
Star,230559,King A,-4,-24.2,0.9,0.5,,,K7 V,,,,
Star,230560,Kruger 60 A,6.3,-2.8,10.8,0.5,,,M3 V,,,,
Star,230561,Kruger 60 B,6.3,-2.8,10.8,0.5,,,M4 V,,,,
Star,230562,L 24-52 A,4.1,-4,-40.9,0.5,,,A0 VII,,,,
Star,230563,L 49-19 A,6.3,-2,-25.9,0.5,,,K0 VII,,,,
Star,230564,L 68-27 B,-6.9,-0.8,-20.3,0.5,,,M0 V,,,,
Star,230565,L 68-28 A,-6.9,-0.8,-20.3,0.5,,,K0 VII,,,,
Star,230566,L 74-113 A,-4.7,-13.4,-45.9,0.5,,,M0 V,,,,
Star,230567,L 89-27 A,16.5,10.1,-45.5,0.5,,,M0 V,,,,
Star,230568,L 97-12 A,-3.4,6.3,-17.5,0.5,,,M5 V,,,,
Star,230569,L 115-21 A,8.8,-15.5,-39.7,0.5,,,M0 V,,,,
Star,230570,L 115-21 B,8.8,-15.5,-39.7,0.5,,,M0 V,,,,
Star,230571,L 119-21 A,14.4,-5.7,-34.2,0.5,,,K0 VII,,,,
Star,230572,L 127-97 A,12.8,11.8,-35.7,0.5,,,M0 V,,,,
Star,230573,L 145-141 A,-6.8,0.5,-14.3,0.5,,,A0 VII,,,,
Star,230574,L 182-44 A,-3.5,23.4,-38.6,0.5,,,M0 V,,,,
Star,230575,L 192-72 A,-22.5,4.5,-35.7,0.5,,,M0 V,,,,
Star,230576,L 258-146 A,-20.3,-9.6,-30.7,0.5,,,K0 VII,,,,
Star,230577,L 283-7 B,25.2,-15.5,-36.9,0.5,,,A0 V,,,,
Star,230578,L 316-62 A,-21,21.3,-32.4,0.5,,,M3 V,,,,
Star,230579,L 339-19 A,-7.7,-20.3,-22.3,0.5,,,GO VII,,,,
Star,230580,L 347-14 A,4.3,-12.3,-13.4,0.5,,,M7 V,,,,
Star,230581,L 355-62 A,21,-13.3,-26.9,0.5,,,M0 V,,,,
Star,230582,L 362-81 A,19.4,-0.1,-18.4,0.5,,,A0 VII,,,,
Star,230583,L 396-7 A,-28.8,3.8,-25.1,0.5,,,M0 V,,,,
Star,230584,L 480-69 A,-18.9,-25.3,-24.4,0.5,,,K0 VII,,,,
Star,230585,L 489-58 B,7.3,-33.2,-27.2,0.5,,,M0 V,,,,
Star,230586,L 489-58 A,7.3,-33.2,-27.2,0.5,,,GO VI,,,,
Star,230587,L 597-31 A,-5.6,42.3,-21.8,0.5,,,M0 V,,,,
Star,230588,L 674-15 A,-9.6,14.9,-7,0.5,,,M0 V,,,,
Star,230589,L 675-81 A,-16.5,19.8,-11.2,0.5,,,M0 V,,,,
Star,230590,L 678-39 A,-20,14.8,-9.8,0.5,,,K0 VII,,,,
Star,230591,L 714-88 A,32,-23.3,-18,0.5,,,M5 V,,,,
Star,230592,L 715-89 A,33.5,-19.6,-14,0.5,,,M0 V,,,,
Star,230593,L 717-22 C,23.6,-9.1,-9.7,0.5,,,M4 V,,,,
Star,230594,L 724-32 A,20.4,6.3,-6.7,0.5,,,M5 V,,,,
Star,230595,L 736-30 A,10.9,35.7,-12.1,0.5,,,M3 V,,,,
Star,230596,L 737-9 A,7.8,33,-11.2,0.5,,,M5 V,,,,
Star,230597,L 745-46 A,-13.8,30.1,-10.4,0.5,,,F0 VII,,,,
Star,230598,L 745-46 B,-13.8,30.1,-10.4,0.5,,,M0 V,,,,
Star,230599,L 768-119 A,-16,-22.7,-9.8,0.5,,,M5 V,,,,
Star,230600,L 789-6 A,9.5,-3.7,-2.9,0.5,,,M7 V,,,,
Star,230601,L 820-19 B,-26.4,28.3,-8.9,0.5,,,M0 V,,,,
Star,230602,L 820-19 A,-26.4,28.3,-8.9,0.5,,,M6 V,,,,
Star,230603,L 824-28 A,-33.7,16.7,-7.8,0.5,,,M0 V,,,,
Star,230604,L 829-26 A,-38.4,2.5,-7.9,0.5,,,M0 V,,,,
Star,230605,L 850-62 A,11.6,-43.1,-10.9,0.5,,,M5 V,,,,
Star,230606,L 856-54 B,27,-28.8,-10.1,0.5,,,M0 V,,,,
Star,230607,L 856-54 A,27,-28.8,-10.1,0.5,,,M5 V,,,,
Star,230608,L 870-2 A,37.5,16.6,-3.8,0.5,,,A0 VII,,,,
Star,230609,L 886-6 A,-11.9,44.7,-5.2,0.5,,,A0 VII,,,,
Star,230610,L 897-16 A,-29.5,11.1,-3.7,0.5,,,M0 V,,,,
Star,230611,L 901-10 A,-39,1.5,-4.9,0.5,,,M4 V,,,,
Star,230612,L 935-50 A,41.6,-8.9,-5.1,0.5,,,A0 V,,,,
Star,230613,L 968-22 A,-24.9,13,-1.2,0.5,,,M0 V,,,,
Star,230614,L 989-20 B,-8.9,-39.3,-1.3,0.5,,,M0 V,,,,
Star,230615,L 989-20 A,-8.9,-39.3,-1.3,0.5,,,GO VII,,,,
Star,230616,L 997-21 A,16.8,-31.2,-0.8,0.5,,,A0 VII,,,,
Star,230617,L 1064-75 A,2.9,-49.3,1.3,0.5,,,M5 VI,,,,
Star,230618,L 1113-55 A,2.9,-49.3,1.4,0.5,,,M5 VI,,,,
Star,230619,L 1154-29 A,35.9,2,8.5,0.5,,,M5 V,,,,
Star,230620,L 1272-21 B,-20,-26.8,10.7,0.5,,,M6 V,,,,
Star,230621,L 1303-10 A,17.6,13.6,10.2,0.5,,,M6 V,,,,
Star,230622,L 1346-53 A,-15.4,-26.8,11.6,0.5,,,M4 V,,,,
Star,230623,LP 101-15 A,-9.9,-24.9,41.5,0.5,,,M4 V,,,,
Star,230624,LP 101-15 B,-9.9,-24.9,41.5,0.5,,,M0 V,,,,
Star,230625,LP 101-167 C,-9.9,-24.9,41.5,0.5,,,M0 V,,,,
Star,230626,LP 425-140 A,-14.1,17.2,7.4,0.5,,,M6 V,,,,
Star,230627,LP 658-2 A,0.6,19.5,-1.5,0.5,,,K0 VII,,,,
Star,230628,Lacaille 9352 A,8.9,-2.3,-6.8,0.5,,,M2 V,,,,
Star,230629,Lambda Aurigae A,7.1,36.5,31.3,0.5,,,G0 V,,,,
Star,230630,Lambda Serpentis A,-19.3,-28.6,4.5,0.5,,,G0 V,,,,
Star,230631,Lowne 1 A,18.9,40.3,15.6,0.5,,,M6 V,,,,
Star,230632,Mu Arae A,-2.4,-27.2,-34.7,0.5,,,G5 V,,,,
Star,230633,Mu Cassiopeiae A,13.9,4,20.4,0.5,,,G5 VI,,,,
Star,230634,Mu Cassiopeiae B,13.9,4,20.4,0.5,,,M8 V,,,,
Star,230635,Mu Herculis A,-1.6,-23.3,12.2,0.5,,,G5 IV,,,,
Star,230636,Mu Herculis C,-1.6,-23.3,12.2,0.5,,,M4 V,,,,
Star,230637,Mu Herculis B,-1.6,-23.3,12.2,0.5,,,M4 V,,,,
Star,230638,Neubayern A,-8.4,4.4,11.1,0.5,,,K7 V,,,,
Star,230639,New Melbourne A,-2.6,-24.2,8.1,0.5,,,M1 V,,,,
Star,230640,Nu Phoenicis A,29.5,9.7,-32.1,0.5,,,F8 V,,,,
Star,230641,Nyotekundu A,-7.3,2.1,0.9,0.5,,,M8 V,,,,
Star,230642,Omicron2 Eridani A,7,14,-2.2,0.5,,,K1 V,,,,
Star,230643,Pi3 Orionis A,7.7,23.6,3,0.5,,,F6 V,,,,
Star,230644,Pollux A,-13.4,27.8,16.5,0.5,,,K0 III,,,,
Star,230645,Procyon A,-4.7,10.3,1,0.5,,,F5 IV,,,,
Star,230646,Procyon B,-4.7,10.3,1,0.5,,,F0 VII,,,,
Star,230647,Proxima Centauri A,-1.6,-1.2,-3.8,0.5,,,M5 V,,,,
Star,230648,Psi Capricorni A,22.3,-26,-16.3,0.5,,,F4 V,,,,
Star,230649,Psi5 Aurigae A,-6.6,34.5,33.5,0.5,,,G0 V,,,,
Star,230650,Qinyuan A,7.6,3.4,-2.8,0.5,,,M5 V,,,,
Star,230651,UV Ceti B,7.6,3.4,-2.8,0.5,,,M5 V,,,,
Star,230652,Queen Alice's Star A,-13.7,-2.1,14.3,0.5,,,K4 V,,,,
Star,230653,Red Speck A,-3.2,-16.4,15,0.5,,,M3 V,,,,
Star,230654,Rho Eridani A,10.7,4.8,-17.8,0.5,,,K2 V,,,,
Star,230655,Ross 28 A,11.6,22.2,32.7,0.5,,,M5 V,,,,
Star,230656,Ross 41 A,4.2,27.6,4.7,0.5,,,M5 V,,,,
Star,230657,Ross 42 A,6,45.4,7.9,0.5,,,M4 V,,,,
Star,230658,Ross 42 B,6,45.4,7.9,0.5,,,M0 V,,,,
Star,230659,Ross 52 A,-22.8,-21.2,13.6,0.5,,,M5 VI,,,,
Star,230660,Ross 52 B,-22.8,-21.2,13.6,0.5,,,M5 V,,,,
Star,230661,Ross 64 A,-2.4,24.4,10.6,0.5,,,M6 V,,,,
Star,230662,Ross 92 A,-26.8,19,13.4,0.5,,,M6 V,,,,
Star,230663,Ross 119 A,-33.8,1.2,6,0.5,,,M0 V,,,,
Star,230664,Ross 128 A,-10.9,0.7,0.2,0.5,,,M5 V,,,,
Star,230665,Ross 165 B,12.5,-25.9,14.6,0.5,,,M0 V,,,,
Star,230666,Ross 165 A,12.5,-25.9,14.6,0.5,,,M4 V,,,,
Star,230667,Ross 188 A,23.5,-30.8,30.6,0.5,,,M6 V,,,,
Star,230668,Ross 193 A,33.8,-35.7,-4.4,0.5,,,M4 V,,,,
Star,230669,VB 11 B,33.8,-35.7,-4.4,0.5,,,M0 V,,,,
Star,230670,Ross 226 A,21.1,-6.5,39.4,0.5,,,M4 V,,,,
Star,230671,Ross 248 A,7.3,-0.7,7.1,0.5,,,M6 V,,,,
Star,230672,Ross 249 A,27.8,-1.8,31.8,0.5,,,M1 V,,,,
Star,230673,Ross 417 A,-3.5,46.7,-5.5,0.5,,,M5 V,,,,
Star,230674,Ross 486 A,-36.2,-14.2,-1.3,0.5,,,M4 V,,,,
Star,230675,Ross 486 B,-36.2,-14.2,-1.3,0.5,,,M6 V,,,,
Star,230676,Ross 508 A,-21.8,-26.3,10.8,0.5,,,M6 V,,,,
Star,230677,Ross 555 A,32.2,16.6,-7.1,0.5,,,M4 VI,,,,
Star,230678,Ross 594 A,9.9,23.2,21,0.5,,,M7 V,,,,
Star,230679,Ross 614 B,-1.6,12.8,-0.7,0.5,,,M0 V,,,,
Star,230680,Ross 614 A,-1.6,12.8,-0.7,0.5,,,M7 V,,,,
Star,230681,Ross 619 A,-11.4,18,3.3,0.5,,,M5 V,,,,
Star,230682,Ross 627 A,-35.6,6,14.3,0.5,,,F0 VII,,,,
Star,230683,Ross 695 A,-28.1,-2.8,-9.2,0.5,,,M4 V,,,,
Star,230684,Ross 802 A,-20.9,-28.3,-8.8,0.5,,,M5 V,,,,
Star,230685,Ross 845 A,-37.4,-23.9,-9.3,0.5,,,M5 V,,,,
Star,230686,Ross 848 A,-28.9,-19.8,-5.8,0.5,,,M5 V,,,,
Star,230687,Ross 863 A,-7.1,-28.9,11.7,0.5,,,M3 V,,,,
Star,230688,Ross 867 B,-6.2,-33,16.7,0.5,,,M5 V,,,,
Star,230689,Ross 868 A,-5.7,-30.6,15.4,0.5,,,M4 V,,,,
Star,230690,Ross 974 A,-39.9,-10.6,-1.4,0.5,,,K0 VI,,,,
Star,230691,Serurier A,1.7,-8.5,-3.9,0.5,,,M4 V,,,,
Star,230692,Sigma Draconis A,2.5,-6,17.3,0.5,,,K0 V,,,,
Star,230693,Sirius A,-1.6,8.1,-2.5,0.5,,,A1 V,,,,
Star,230694,Sirius B,-1.6,8.1,-2.5,0.5,,,A0 VII,,,,
Star,230695,Sol A,0,0,0,0.5,,,G2 V,,,,
Star,230696,Tau Ceti A,10.1,4.8,-3.3,0.5,,,G8 V,,,,
Star,230697,Tau1 Eridani A,33.9,29.1,-15.3,0.5,,,F6 V,,,,
Star,230698,Theta Bootis A,-23.9,-17.3,37.8,0.5,,,F7 V,,,,
Star,230699,Theta Bootis B,-23.9,-17.3,37.8,0.5,,,M3 VI,,,,
Star,230700,Theta Centauri A,-33.3,-20,-28.3,0.5,,,K0 III,,,,
Star,230701,Theta Persei A,20.6,17.4,31.1,0.5,,,F7 V,,,,
Star,230702,Theta Persei B,20.6,17.4,31.1,0.5,,,M2 V,,,,
Star,230703,V371 Orionis A,6.1,48.9,1.6,0.5,,,M3 V,,,,
Star,230704,Van Maanen's Star A,13.3,2.7,1.2,0.5,,,G1 VII,,,,
Star,230705,Vega A,3.1,-20.3,16.4,0.5,,,A0 V,,,,
Star,230706,Vogelheim A,-29.6,-5.9,19.4,0.5,,,K3 V,,,,
Star,230707,Wolf 47 A,13.7,3.6,26.9,0.5,,,M7 V,,,,
Star,230708,Wolf 219 A,24.3,35.3,14.2,0.5,,,A0 VII,,,,
Star,230709,Wolf 358 A,-21.7,7,2.8,0.5,,,M5 V,,,,
Star,230710,Wolf 414 A,-41.1,-4.8,6.3,0.5,,,M5 VI,,,,
Star,230711,Wolf 424 B,-13.8,-1.9,2.2,0.5,,,M0 V,,,,
Star,230712,Wolf 424 A,-13.8,-1.9,2.2,0.5,,,M5 V,,,,
Star,230713,Wolf 433 A,-38.4,-6.2,8.2,0.5,,,M4 V,,,,
Star,230714,Wolf 437 A,-27.7,-5.6,4.9,0.5,,,M4 V,,,,
Star,230715,Wolf 457 A,-38.5,-9.9,2.6,0.5,,,G2 VII,,,,
Star,230716,Wolf 461 A,-34.9,-9.1,3.7,0.5,,,M5 V,,,,
Star,230717,Wolf 461 B,-34.9,-9.1,3.7,0.5,,,M0 V,,,,
Star,230718,Wolf 489 A,-22.6,-9.9,1.7,0.5,,,K0 VII,,,,
Star,230719,Wolf 534 A,-35.7,-24.3,-5.4,0.5,,,M4 V,,,,
Star,230720,Wolf 629 A,-5.8,-19.2,-2.9,0.5,,,M4 VI,,,,
Star,230721,Wolf 629 B,-5.8,-19.2,-2.9,0.5,,,M0 V,,,,
Star,230722,Wolf 906 A,27.8,-28.1,-4.6,0.5,,,M3 VI,,,,
Star,230723,Wolf 918 A,24.7,-23.5,-8.2,0.5,,,M3 VI,,,,
Star,230724,Wolf 922 A,18.9,-14.7,-4.3,0.5,,,M4 V,,,,
Star,230725,Wolf 1039 A,40.4,-5.1,0,0.5,,,M4 VI,,,,
Star,230726,Wolf 1056 A,34.7,5.5,20.5,0.5,,,M4 V,,,,
Star,230727,Wolf 1084 A,16.5,-19.5,36.6,0.5,,,M5 V,,,,
Star,230728,Wolf 1421 A,-18.3,36.9,15.4,0.5,,,M2 V,,,,
Star,230729,Wolf 1466 A,7.9,-48,-9.1,0.5,,,M0 V,,,,
Star,230730,Wolf 1539 A,11.9,37.6,4.4,0.5,,,M4 V,,,,
Star,230731,Wolf 1561 A,28,-13.9,-5,0.5,,,M4 V,,,,
Star,230732,Wolf 1561 B,28,-13.9,-5,0.5,,,M5 V,,,,
Star,230733,Xi Bootis A,-15.4,-14,7.2,0.5,,,G8 V,,,,
Star,230734,Xi Bootis C,-15.4,-14,7.2,0.5,,,K4 V,,,,
Star,230735,Xi Bootis B,-15.4,-14,7.2,0.5,,,M0 V,,,,
Star,230736,Xi Ursae Majoris A,-25,4.9,15.7,0.5,,,G0 V,,,,
Star,230737,Xi Ursae Majoris C,-25,4.9,15.7,0.5,,,G0 V,,,,
Star,230738,Xi Ursae Majoris B,-25,4.9,15.7,0.5,,,M0 V,,,,
Star,230739,Xi Ursae Majoris D,-25,4.9,15.7,0.5,,,M0 V,,,,
Star,230740,Xiuning A,7.8,-6.1,-11.6,0.5,,,M1 V,,,,
Star,230741,YZ Canis Minoris A,-8.5,17.7,1.2,0.5,,,M4 V,,,,
Star,230742,Zeta Doradus A,6.1,24.9,-40.5,0.5,,,F8 V,,,,
Star,230743,Zeta Draconis A,-5,-11,-33,0.5,,,G0 V,,,,
Star,230744,Zeta Draconis B,-5,-11,-33,0.5,,,M0 V,,,,
Star,230745,Zeta Herculis A,-9.2,-25.1,16.4,0.5,,,GO IV,,,,
Star,230746,Zeta Herculis B,-9.2,-25.1,16.4,0.5,,,K0 V,,,,
Star,230747,Zeta Tucanae A,9.7,0.7,-21.2,0.5,,,G2 V,,,,
Star,230748,Zeta1 Reticuli A,10.9,12.6,-32.6,0.5,,,G2 V,,,,
Star,230749,Zeta2 Reticuli A,10.9,12.7,-32.6,0.5,,,G1 V,,,,
Star,230750,BK+00 2334 Ch*'ah A,-21.2,-37.3,7.1,0.5,,,G2 V,,,,
Star,230751,BK+7 5675 Klin!na*'ah A,-31.9,-38.4,3.1,0.5,,,K2 V,,,,
Star,230752,BK+10 1245 K!lik'nu'ah A,-38.6,-37.3,9.2,0.5,,,M1 V,,,,
Star,230753,BK+15 3434 Kan'ah'ah A,-38.4,-44,3,0.5,,,M1 VI,,,,
Star,230754,BK+16 9747 Chi No'ah A,-31.6,-41.2,-22,0.5,,,G1 V,,,,
Star,230755,BK-1 1423 Nak* Anak! A,-23.4,-40.6,3.9,0.5,,,M1 V,,,,
Star,230756,BK-2 0075 Ka'yali' On'ah A,-26.5,-41.7,0.1,0.5,,,M2 VI,,,,
Star,230757,BK-5 9201 Ho'kan'ah A,-19.6,-44.1,-12.8,0.5,,,M1 V,,,,
Star,230758,BK-8 0854 Ka'lun Anak'ah A,-32,-37.5,7.9,0.5,,,M0 V,,,,
Star,230759,Chien 112 Da've'ah A,-43.3,-35.8,2.3,0.5,,,F6 V,,,,
Star,230760,Chien 414 Mi*'ah A,-35.7,-40.5,5.8,0.5,,,F2 V,,,,
Star,230761,Chien 820 Ka'lun'ah Ne'pa! A,-32.6,-48.1,3.8,0.5,,,M2 V,,,,
Star,230762,DK+17 4521 Da've'l Na'ah A,-6.9,-42.4,8,0.5,,,M0 V,,,,
Star,230763,DK+21 6825 Ne 'ah Kyali'ah A,-27.6,-48.7,-12,0.5,,,K2 V,,,,
Star,230764,DK+29 3074 Ka'lun Caf'ah A,-31.5,-51.8,-0.4,0.5,,,M0 V,,,,
Star,230765,DK+32 2390 Che'chi Yali'ah A,-18.8,-52.9,-5,0.5,,,M2 V,,,,
Star,230766,DK-26 2485 Da'ven*'ah A,-13.5,-46.2,-17.9,0.5,,,G6 V,,,,
Star,230767,DK-33 1023 Cahan Ne'iyal'ah A,-14.2,-50.7,-9.1,0.5,,,M2 V,,,,
Star,230768,HC+3 1919 No!yali'ta'ah A,-24.1,-43.8,-3.5,0.5,,,M7 V,,,,
Star,230769,HC+11 9580 He'ah A,-40.8,-31.9,8.4,0.5,,,K1 V,,,,
Star,230770,HC+13 232 Ch*Ch*'ah A,-42.1,-43,-3.4,0.5,,,G2 V,,,,
Star,230771,HC+13 232 Ch*Ch*'ve'ah B,-42.1,-43,-3.4,0.5,,,K3 V,,,,
Star,230772,HC+18 9881 Na Ve'ah A,-36.1,-45.7,10.1,0.5,,,M0 V,,,,
Star,230773,HC+25 1902 Ar Yali'ah A,-19,-48.6,-10.3,0.5,,,K2 V,,,,
Star,230774,HC+31 8213 Ya'la'chi'ah A,-36.9,-51.3,-14.8,0.5,,,G3 V,,,,
Star,230775,HC-4 9701 Kaa'a'ah A,-20.8,-44.1,-6.3,0.5,,,G2 V,,,,
Star,230776,HC-6 2111 Ni'ak!n'ah A,-27.9,-38.1,4.8,0.5,,,M2 V,,,,
Star,230777,HC-24 1124 Ch*'ah A,-17.3,-47.1,-15,0.5,,,F2 V,,,,
Star,230778,HC-30 0340 Da'ne Mi*'ah A,-32.3,-52.3,6.3,0.5,,,K2 V,,,,
Star,230779,SS+28 9357 Ka'rra'ah A,-35.9,-51,-0.3,0.5,,,K2 V,,,,
Star,230780,SS-19 2424 Raj Chu'ah A,-34.2,-45.7,-9,0.5,,,K0 V,,,,
Star,230781,SS-22 4654 Rrach*ve'ah A,-27.9,-47.1,-0.3,0.5,,,M1 V,,,,
Star,230782,SS-22 4654 Rrach!ve'ah B,-27.9,-47.1,-0.3,0.5,,,M1 VI,,,,
Star,230783,SS-27 6854 Rrach Yali'ah A,-8.8,-47.7,-11.7,0.5,,,K6 V,,,,
Star,230784,SS-34 2375 A,-23,-56.8,2,0.5,,,K3 V,,,,
Star,230785,SS-35 2377 A,-19.3,-57.8,1.2,0.5,,,M3 V,,,,
Star,230786,SS-36 2376 A,-14,-56.1,4,0.5,,,G0 V,,,,
Star,230787,Oneil 723 Arrach* 'ah Fayali A,-23.4,-47.2,-7.2,0.5,,,M0 V,,,,
Star,230788,BD-111 094307 Backdoor,-9,-43.4,-7,0.5,,,T0 V,,,,
